{
    "descriptors": {
        "0": -0.09740152209997177,
        "1": 0.05633164569735527,
        "2": 0.032038312405347824,
        "3": 0.004232943058013916,
        "4": -0.05163847282528877,
        "5": -0.0729016363620758,
        "6": -0.08297502249479294,
        "7": -0.019700290635228157,
        "8": 0.19058500230312347,
        "9": -0.05504904314875603,
        "10": 0.15171322226524353,
        "11": -0.04822580888867378,
        "12": -0.22675296664237976,
        "13": -0.08046074211597443,
        "14": -0.030856478959321976,
        "15": 0.09531977027654648,
        "16": -0.14306648075580597,
        "17": -0.11314855515956879,
        "18": -0.07442402094602585,
        "19": -0.0935438796877861,
        "20": 0.041291091591119766,
        "21": 0.06403486430644989,
        "22": 0.018708761781454086,
        "23": 0.022419260814785957,
        "24": -0.2037305235862732,
        "25": -0.39455336332321167,
        "26": -0.09436679631471634,
        "27": -0.09929952025413513,
        "28": 0.08397459983825684,
        "29": -0.15665626525878906,
        "30": -0.06837732344865799,
        "31": 0.020665155723690987,
        "32": -0.10679027438163757,
        "33": -0.05716337263584137,
        "34": 0.020501645281910896,
        "35": 0.167471781373024,
        "36": -0.024397870525717735,
        "37": -0.05214984342455864,
        "38": 0.22444851696491241,
        "39": 0.061306633055210114,
        "40": -0.1567515730857849,
        "41": -0.023275967687368393,
        "42": 0.0013630969915539026,
        "43": 0.31863275170326233,
        "44": 0.20644570887088776,
        "45": 0.0987531766295433,
        "46": 0.03489894047379494,
        "47": -0.02058139629662037,
        "48": 0.10376783460378647,
        "49": -0.27879780530929565,
        "50": 0.10003714263439178,
        "51": 0.22273066639900208,
        "52": 0.021421868354082108,
        "53": 0.08225560188293457,
        "54": 0.1678854376077652,
        "55": -0.10342124104499817,
        "56": -0.05534133315086365,
        "57": 0.1194276288151741,
        "58": -0.12074340879917145,
        "59": 0.0547339990735054,
        "60": 0.03825974091887474,
        "61": 0.003032946027815342,
        "62": 0.007520361803472042,
        "63": -0.07873062789440155,
        "64": 0.18079200387001038,
        "65": 0.055884722620248795,
        "66": -0.12838046252727509,
        "67": -0.06195734068751335,
        "68": 0.106671042740345,
        "69": -0.25343015789985657,
        "70": -0.0829862505197525,
        "71": 0.0011715186992660165,
        "72": -0.06512369960546494,
        "73": -0.14755597710609436,
        "74": -0.3498815894126892,
        "75": 0.03120414726436138,
        "76": 0.3861837685108185,
        "77": 0.17001952230930328,
        "78": -0.14981620013713837,
        "79": 0.048721522092819214,
        "80": -0.024337349459528923,
        "81": -0.09431357681751251,
        "82": 0.11021219193935394,
        "83": 0.061864692717790604,
        "84": -0.07570812851190567,
        "85": 0.03670099750161171,
        "86": -0.09570399671792984,
        "87": 0.012772822752594948,
        "88": 0.2020348757505417,
        "89": 0.026239702478051186,
        "90": 0.01670113578438759,
        "91": 0.1565847098827362,
        "92": -0.018259432166814804,
        "93": 0.09160816669464111,
        "94": 0.023413734510540962,
        "95": 0.04302475228905678,
        "96": -0.14739663898944855,
        "97": -0.03767584636807442,
        "98": -0.04709482938051224,
        "99": 0.01910913735628128,
        "100": 0.10783861577510834,
        "101": -0.07708357274532318,
        "102": 0.019191015511751175,
        "103": 0.1176450252532959,
        "104": -0.147600919008255,
        "105": 0.15494275093078613,
        "106": 0.010133623145520687,
        "107": -0.02788197249174118,
        "108": 0.017680872231721878,
        "109": 0.07384524494409561,
        "110": -0.14512969553470612,
        "111": -0.06257306784391403,
        "112": 0.19236214458942413,
        "113": -0.2424461394548416,
        "114": 0.15794098377227783,
        "115": 0.21564581990242004,
        "116": -0.027773629873991013,
        "117": 0.1347873955965042,
        "118": 0.08159089088439941,
        "119": 0.07586280256509781,
        "120": -0.027496784925460815,
        "121": 0.04360908642411232,
        "122": -0.12677490711212158,
        "123": -0.10241454839706421,
        "124": -0.07432407140731812,
        "125": -0.008900065906345844,
        "126": 0.012663142755627632,
        "127": 0.04307902604341507
    },
    "parts": {
        "mouth": [
            {
                "_x": 271.0357343862655,
                "_y": 216.7586914318963
            },
            {
                "_x": 277.65240799883657,
                "_y": 216.77912928942533
            },
            {
                "_x": 286.62886828498046,
                "_y": 216.11192578246119
            },
            {
                "_x": 292.2300924401381,
                "_y": 217.01738193994967
            },
            {
                "_x": 297.51708272260817,
                "_y": 215.68391215339943
            },
            {
                "_x": 310.3631733431885,
                "_y": 217.2962267745606
            },
            {
                "_x": 322.10101360984453,
                "_y": 216.97162319149353
            },
            {
                "_x": 311.3854633953204,
                "_y": 225.26543966640017
            },
            {
                "_x": 302.73543445652706,
                "_y": 229.28051387796583
            },
            {
                "_x": 293.7862061515217,
                "_y": 230.50113046199837
            },
            {
                "_x": 286.32781163210353,
                "_y": 229.46997557381107
            },
            {
                "_x": 278.31986466712306,
                "_y": 225.38331766780172
            },
            {
                "_x": 272.4561533946884,
                "_y": 217.14583722176027
            },
            {
                "_x": 285.31553048723623,
                "_y": 219.8274967777979
            },
            {
                "_x": 292.8187113424003,
                "_y": 220.09476409773922
            },
            {
                "_x": 300.9893065746935,
                "_y": 219.97561808282623
            },
            {
                "_x": 320.11426666340185,
                "_y": 217.12487168158984
            },
            {
                "_x": 301.68996885010927,
                "_y": 222.60673036733348
            },
            {
                "_x": 293.8344709349684,
                "_y": 223.69295327087454
            },
            {
                "_x": 286.4718306445569,
                "_y": 222.8838661402551
            }
        ],
        "nose": [
            {
                "_x": 291.32737358718686,
                "_y": 167.3589760672985
            },
            {
                "_x": 289.9464333742492,
                "_y": 179.4745852656706
            },
            {
                "_x": 288.2959575177918,
                "_y": 190.97508583516174
            },
            {
                "_x": 287.8652643702597,
                "_y": 200.23864123948442
            },
            {
                "_x": 281.09046764422374,
                "_y": 202.28527805382328
            },
            {
                "_x": 285.1771820141451,
                "_y": 204.66798570385436
            },
            {
                "_x": 291.2793202595275,
                "_y": 206.05078200358548
            },
            {
                "_x": 297.9376471379295,
                "_y": 204.3455716099561
            },
            {
                "_x": 303.52255043057227,
                "_y": 202.6821426553215
            }
        ],
        "leftEye": [
            {
                "_x": 256.677941056025,