{"descriptors":{"0":-0.055693674832582474,"1":0.03256690502166748,"2":-0.016534987837076187,"3":0.013243213295936584,"4":-0.09931293874979019,"5":0.03920287638902664,"6":-0.02835305780172348,"7":-0.025691863149404526,"8":0.20087777078151703,"9":-0.10668155550956726,"10":0.10717692971229553,"11":-0.09867779165506363,"12":-0.2487216740846634,"13":0.011404609307646751,"14":-0.060226090252399445,"15":0.06999330967664719,"16":-0.14489760994911194,"17":-0.1169506311416626,"18":-0.07430292665958405,"19":-0.07663238048553467,"20":0.06720425933599472,"21":0.024908188730478287,"22":-0.033959463238716125,"23":0.11553483456373215,"24":-0.1513952910900116,"25":-0.2876906096935272,"26":0.007397917564958334,"27":-0.1645413041114807,"28":0.009168000891804695,"29":-0.13717608153820038,"30":-0.032865509390830994,"31":0.09898680448532104,"32":-0.11808829009532928,"33":-0.010796867311000824,"34":-0.032016608864068985,"35":0.057698167860507965,"36":-0.0008829559083096683,"37":-0.09801898151636124,"38":0.15981166064739227,"39":0.002982991049066186,"40":-0.11116541177034378,"41":0.059470441192388535,"42":-0.05891171842813492,"43":0.28232330083847046,"44":0.11297793686389923,"45":0.0165975671261549,"46":0.01569272205233574,"47":-0.04778316244482994,"48":0.2070382982492447,"49":-0.27273446321487427,"50":-0.00016726857575122267,"51":0.20416347682476044,"52":0.06795816123485565,"53":0.01700371503829956,"54":0.08692941069602966,"55":-0.13383078575134277,"56":0.057238366454839706,"57":0.1779806762933731,"58":-0.2230246514081955,"59":0.1775650978088379,"60":0.06260194629430771,"61":-0.022250162437558174,"62":0.02141900733113289,"63":-0.042972441762685776,"64":0.1386694759130478,"65":0.03134794160723686,"66":-0.07818713039159775,"67":-0.05709388479590416,"68":0.125409796833992,"69":-0.12688438594341278,"70":-0.008550876751542091,"71":0.05991462990641594,"72":-0.12085553258657455,"73":-0.28139784932136536,"74":-0.1324145346879959,"75":0.10893118381500244,"76":0.3994078040122986,"77":0.21615029871463776,"78":-0.10297919064760208,"79":0.08289729803800583,"80":-0.05341704934835434,"81":-0.024013936519622803,"82":0.06488014757633209,"83":0.010656449012458324,"84":-0.09139121323823929,"85":-0.09350978583097458,"86":-0.11100983619689941,"87":0.07911234349012375,"88":0.18887555599212646,"89":0.05298848822712898,"90":0.013230632990598679,"91":0.25277388095855713,"92":-0.0015454543754458427,"93":-0.0956449881196022,"94":-0.012250508181750774,"95":-0.025127016007900238,"96":-0.1305074244737625,"97":0.048188988119363785,"98":-0.06214369460940361,"99":0.011567438952624798,"100":0.08156269043684006,"101":-0.15507200360298157,"102":0.004184438847005367,"103":0.013513776473701,"104":-0.2098320573568344,"105":0.10017379373311996,"106":-0.06745029240846634,"107":-0.017574043944478035,"108":0.009146088734269142,"109":-0.015374986454844475,"110":-0.16385933756828308,"111":0.07956995069980621,"112":0.20122875273227692,"113":-0.270873099565506,"114":0.14702065289020538,"115":0.12268750369548798,"116":0.1811666339635849,"117":0.1689952313899994,"118":0.020760471001267433,"119":0.013390978798270226,"120":0.05463090538978577,"121":-0.04975905269384384,"122":-0.174721360206604,"123":-0.10041330009698868,"124":0.10381661355495453,"125":0.0032594259828329086,"126":-0.004916828125715256,"127":0.02340329997241497},"parts":{"mouth":[{"_x":425.6013510029652,"_y":384.9235221132721},{"_x":432.6054035367315,"_y":378.990630821695},{"_x":442.2306515521541,"_y":374.9991238350139},{"_x":447.6208527267181,"_y":375.796084501394},{"_x":452.6719363470511,"_y":374.6928530573859},{"_x":463.47609610206746,"_y":379.88664680805863},{"_x":472.0633840051596,"_y":385.638392410583},{"_x":463.2442196999,"_y":391.5712444995006},{"_x":455.6878906856218,"_y":395.3015637670205},{"_x":447.13578323731326,"_y":396.0812654625397},{"_x":439.4858866546474,"_y":395.0091707308684},{"_x":432.3187931777693,"_y":391.88274883217673},{"_x":426.7046003971882,"_y":384.9975367344768},{"_x":440.1555911268724,"_y":381.69560452904074},{"_x":447.49555578769105,"_y":381.5739782778291},{"_x":454.66778824979883,"_y":382.30488246289036},{"_x":469.99179051285864,"_y":385.3894261205323},{"_x":454.95030168453013,"_y":386.65793597714577},{"_x":448.043604591071,"_y":387.48057438552223},{"_x":440.6191933672608,"_y":386.85071505541595}],"nose":[{"_x":450.25939079769614,"_y":321.76166716797974},{"_x":449.2644444275811,"_y":332.77554655741363},{"_x":448.1155820819595,"_y":342.7984513184219},{"_x":447.21728984113724,"_y":352.16164392408695},{"_x":437.6007190636892,"_y":359.947899749236},{"_x":441.95064223358713,"_y":361.4708740689002},{"_x":447.8685581543232,"_y":362.43236829735446},{"_x":454.4503818353405,"_y":361.19510296039147},{"_x":459.55193211324513,"_y":360.669101276062}],"leftEye":[{"_x":408.3163286175386,"_y":319.0629658861598},{"_x":414.749735869309,"_y":317.05972958518026},{"_x":423.65517331596493,"_y":317.0043068252607},{"_x":431.8664396490749,"_y":321.1925033555007},{"_x":424.9334374492628,"_y":323.86239558289384},{"_x":415.0606345701817,"_y":323.00906149210044}],"leftEyeBrow":[{"_x":394.80235758332697,"_y":305.63171820073643},{"_x":403.2325092254496,"_y":300.69069829842186},{"_x":413.73807095780876,"_y":299.34281040674585},{"_x":423.52313269701426,"_y":300.33117070781367},{"_x":432.54442117615326,"_y":303.1647119872752}],"rightEye":[{"_x":469.93775390486917,"_y":321.80824972817385},{"_x":478.58733565975854,"_y":317.914685686012},{"_x":488.19618409163013,"_y":318.0951061258633},{"_x":493.9897104192278,"_y":321.57711574787976},{"_x":487.456907189453,"_y":325.02855219579027},{"_x":477.52070104002087,"_y":324.24851727766503}],"rightEyeBrow":[{"_x":470.7654514657861,"_y":304.41285851242577},{"_x":479.46987019490734,"_y":302.0439471537895},{"_x":489.5527573259915,"_y":300.82498700866375},{"_x":501.31042270592843,"_y":302.61873654791196},{"_x":509.49137021484603,"_y":307.4187126317133}],"jawOutline":[{"_x":378.5073297971667,"_y":320.70028456302674},{"_x":380.0487851571421,"_y":338.6519321156015},{"_x":382.82114684117516,"_y":355.56449357583455},{"_x":385.9801205345927,"_y":370.4231149953102},{"_x":391.10148289895506,"_y":387.9410488244366},{"_x":400.2913584234227,"_y":401.201701236555},{"_x":411.1221174788193,"_y":410.5540641075231},{"_x":424.86314389725067,"_y":419.79685554508706},{"_x":447.65221361190925,"_y":426.09377293245416},{"_x":471.05844890585104,"_y":420.6534728586166},{"_x":486.1759883760442,"_y":412.6631083865914},{"_x":498.3610651782601,"_y":404.5870371001547},{"_x":509.0912584134094,"_y":391.1006753757556},{"_x":516.0003447189683,"_y":374.3744882592909},{"_x":519.5248961447032,"_y":358.8616332561423},{"_x":523.6622349086429,"_y":342.35494183042186},{"_x":525.6522782128195,"_y":324.8774259432775}]}}